Customer ID,TotalPrice,Predicted Return Probability
17652.0,4737.13,0.9466667536255915
17374.0,495.77,0.3844242467000722
17309.0,82.75,0.0049315432673135715
15081.0,487.35,0.8936777372954557
13075.0,919.61,0.010253599043818592
14040.0,3542.19,0.9197025838224778
12787.0,463.66,0.7022954167733872
17062.0,534.47,0.8520105078437317
16161.0,5352.97,0.9517267287461241
16503.0,1421.43,0.6732201440371675
12755.0,2203.2,0.4329945918931589
17923.0,207.50000000000003,0.0
13720.0,799.9,0.5667357059611129
12591.0,452.84999999999997,0.0
15174.0,135.75,0.0
14178.0,1620.93,0.778296957461441
14110.0,5669.65,0.9380023226747402
16260.0,1035.45,0.035233201795191404
16965.0,201.19,0.0
16438.0,798.35,0.8095218738594734
17014.0,565.58,0.6204229469384983
15608.0,1093.68,0.5857100271859795
17884.0,717.45,0.5051590041073265
16485.0,363.65,0.0
17725.0,3371.13,0.8394501034144406
13492.0,1269.84,0.41102811371706865
12348.0,1797.24,0.40017727283326415
17496.0,271.05,0.0
17100.0,971.74,0.12360522827337654
18119.0,181.12,0.0
12541.0,981.18,0.5411603474034046
13575.0,732.0699999999999,0.8218674059864907
13898.0,155.93,0.0
17041.0,1065.77,0.479039120008583
14873.0,519.68,0.0
14697.0,188.60999999999999,0.4179282703720533
16071.0,326.24,0.004674122782648913
14623.0,869.35,0.7580668787162252
12740.0,427.6,0.0
12475.0,723.38,0.03723522800146692
12920.0,164.23,0.0
17791.0,106.1,0.0
15791.0,1604.44,0.34687072869873015
12886.0,1351.09,0.24659985283684116
16271.0,1423.29,0.8526226839852705
13689.0,910.0,0.017879363533750664
13012.0,1311.6200000000001,0.8852289603138368
15677.0,657.23,0.0
14195.0,962.7,0.4529267230564183
14626.0,2757.07,0.8263106510845775
14752.0,389.64,0.0
15903.0,5126.34,0.8524289957681291
17379.0,404.66,0.002001258653241032
17433.0,303.15999999999997,0.0016289791437980239
13035.0,886.63,0.4334588151004379
14981.0,102.12,0.0
17321.0,700.86,0.11473504683722249
14528.0,364.21999999999997,0.0
16497.0,2965.69,0.7985493504913636
16961.0,234.17,0.0
14696.0,2070.97,0.8252405737681267
14243.0,2535.88,0.9031003159518574
17705.0,1781.12,0.754846853035574
14680.0,26932.34,0.9517320440723259
17243.0,8628.55,0.9813949307866107
15073.0,612.43,0.5092989655486162
17935.0,145.79,0.6025095638579493
16952.0,167.61,0.4432742469625761
13759.0,659.4100000000001,0.14545024678499982
14930.0,2372.86,0.5234584730516806
12759.0,1531.44,0.48312965772752564
16776.0,388.28,0.0
17006.0,781.78,0.5233584963009991
17333.0,494.25,0.0
17797.0,780.43,0.3609674412875134
13736.0,724.0,0.4200137475111744
15942.0,337.44,0.0017960303372599644
15950.0,1705.26,0.41612483579850734
15204.0,316.58,0.0
12603.0,739.1999999999999,0.03147539197551345
15019.0,266.0,0.0
16985.0,5461.62,0.7989323020292011
17512.0,2920.04,0.8591606257817765
17897.0,541.1,0.5926411267998349
16372.0,367.93,0.3894438921635423
13162.0,1644.99,0.39894871960970696
15518.0,1911.89,0.8868951432301577
17839.0,338.8,0.0
15937.0,145.35,0.0
14497.0,457.47,0.2278573628777887
15361.0,418.92,0.0
17211.0,2299.67,0.9285277725811893
13544.0,291.41,0.4217828408569875
16801.0,867.83,0.7183186674409575
14631.0,1006.98,0.4535191556731599
13878.0,1281.53,0.029012989017725626
15226.0,154.41,0.0
17924.0,2894.33,0.9396154681067199
17871.0,155.9,0.0012736010985238586
13266.0,3717.67,0.8649122845023054
18160.0,638.0600000000001,0.15379170764791758
16773.0,171.59,0.0
17809.0,4627.62,0.8797743687127376
16582.0,313.62,0.0
13854.0,8025.0199999999995,0.9222865085685413
14887.0,1862.0,0.035012398425550664
15281.0,2239.9500000000003,0.8373731932063514
16525.0,11895.57,0.9608900514860789
15703.0,211.5,0.0
17601.0,116.00999999999999,0.0
16121.0,867.11,0.12143279899415484
18043.0,559.51,0.3603916038044662
12596.0,618.27,0.15968599622893584
16688.0,1260.86,0.5045281397836576
16393.0,2941.05,0.9409900585406628
17844.0,51.559999999999995,0.026953942653171012
13467.0,1083.71,0.12194000145452748
17892.0,244.1,0.7200328432516515
17964.0,471.7,0.31176046033548704
13349.0,247.32,0.0
14732.0,2686.34,0.9278975672663191
13933.0,608.7900000000001,0.19635176147176484
12952.0,1382.8400000000001,0.5915656892728305
17386.0,2686.42,0.7089615640218985
15223.0,454.90000000000003,0.6672576902115012
13199.0,9803.96,0.9766931968581667
16232.0,983.23,0.6779683373919405
15882.0,495.36,0.7777577173250387
12378.0,4008.62,0.07635870220146344
15689.0,254.1,0.4192508573721141
12726.0,2609.1,0.6770588876024611
13476.0,1092.77,0.542049089671758
15565.0,173.16,0.5667674642871164
13488.0,8910.61,0.9756685665406631
16018.0,408.90000000000003,0.35625908691039243
16553.0,5664.57,0.8475411855238333
13658.0,2421.47,0.7080420107262536
16700.0,5040.0,0.9120738449108237
12824.0,397.12,0.0
13790.0,348.8,0.006378194208468874
15587.0,913.6800000000001,0.5220062421431393
13243.0,600.07,0.0
14673.0,1736.4,0.44130383676278934
13184.0,1648.79,0.8325027361142621
18168.0,1133.64,0.8769252371733292
18210.0,2621.38,0.7725827310765314
14462.0,1965.9,0.7899963474035652
13227.0,257.7,0.0
17007.0,877.4300000000001,0.8877465038619137
16828.0,128.5,0.6681851124271146
16024.0,251.24,0.004974643722817212
14871.0,522.38,0.5326437623608191
17709.0,137.45,0.0
13177.0,282.45,0.0
14886.0,364.8,0.0
16175.0,1037.59,0.6276752892431269
14080.0,45.599999999999994,0.0
13262.0,200.29,0.0
16026.0,236.09,0.0
17186.0,144.0,0.4377619497559801
17503.0,558.96,0.23238280969037603
15821.0,570.96,0.21223532500502124
13101.0,101.19,0.0
16757.0,106.83000000000001,0.0
12648.0,318.05,0.006864438139879117
15332.0,1661.06,0.568976905076994
14897.0,1366.38,0.5804137311575125
14023.0,584.07,0.25558453401362385
18154.0,399.19,0.31059925854251547
13495.0,1990.1200000000001,0.7754337102552129
14432.0,2255.51,0.7409973666376068
18013.0,187.29,0.4786885445785027
14921.0,1316.07,0.1256134365871133
14428.0,1230.14,0.7023489988273655
15935.0,416.86,0.36133275866998027
17133.0,4892.240000000001,0.45565310754230537
15504.0,52.83,0.0
16323.0,207.50000000000003,0.0
14173.0,450.84,0.7620391571865943
17980.0,811.45,0.40399562655650223
15095.0,1364.7,0.8333339115773718
14894.0,655.75,0.0
15339.0,557.57,0.40560729398481066
13743.0,1340.1499999999999,0.825023470927686
14221.0,3427.85,0.8083642530735989
17495.0,497.56,0.2718442884542102
15576.0,940.6700000000001,0.013755388480244435
12990.0,409.5,0.5667236039881145
13238.0,680.83,0.748770892732758
17966.0,1098.43,0.4293516164394084
14403.0,1426.31,0.7046414669855215
14198.0,663.5,0.9604300213569023
16053.0,1511.95,0.16003142496181536
18118.0,5595.77,0.9406349816784134
18161.0,1612.79,0.8293741236429635
15714.0,330.88,0.37832520360595984
13001.0,9797.92,0.9838843637376801
13247.0,501.12,0.6350216494078809
17462.0,662.94,0.48094432998740033
17873.0,1764.3600000000001,0.8171801161251058
14770.0,876.42,0.14903125588858443
14959.0,684.97,0.8078894375122713
17997.0,1511.3,0.8571664705999555
12361.0,189.9,0.012679257182206874
16250.0,389.44,0.2961617283048969
14273.0,559.97,0.5237020377414943
17238.0,3744.65,0.8767412154656298
16433.0,184.26,0.0
14968.0,147.59,0.0
16812.0,479.35,0.007501474346373109
16240.0,3693.81,0.5062596053514055
13450.0,2043.7199999999998,0.728766963319287
16979.0,1809.05,0.8389555419397989
17670.0,205.7,0.0
12966.0,160.18,0.0
16762.0,1501.38,0.2879473603400423
18142.0,1014.9,0.5594493173702193
16096.0,320.62,0.0
14304.0,197.1,0.4595475903488667
16689.0,303.26,0.7606548524565738
13148.0,3348.48,0.8037725629990123
13986.0,320.46,0.004974643722817212
12739.0,1013.04,0.13071875239681197
18036.0,405.62,0.5847849698650219
16567.0,865.6,0.11029617576941961
15836.0,117.47,0.6113496638663378
13761.0,1070.65,0.22138204145525264
17101.0,1621.73,0.3679894164216934
14836.0,102.44999999999999,0.6871836267449041
17429.0,512.12,0.6408101470865104
17540.0,570.4,0.4932099675766522
16385.0,555.89,0.5112496961425026
13095.0,74.39999999999999,0.0
14130.0,483.86,0.0
16152.0,1829.04,0.023014723322022236
12433.0,13375.87,0.7429625689026809
17716.0,5505.79,0.8548824812269324
16276.0,810.6000000000001,0.015084816028354597
14332.0,866.31,0.3537145261275974
15079.0,893.66,0.7148437130499705
13709.0,6249.110000000001,0.9926253690433359
15261.0,254.82,0.0
18030.0,220.7,0.48196734733651786
14479.0,316.25,0.4086420634492637
12868.0,1607.0600000000002,0.7661406253138524
15695.0,409.98,0.30563137988858174
16959.0,117.35000000000001,0.0
15749.0,21535.9,0.5081422868215811
16213.0,159.0,0.0
15206.0,420.29999999999995,0.7446747273878129
16168.0,3770.6,0.8902111005764766
13217.0,133.62,0.7534635746753026
13718.0,306.55,0.43296627977705787
17245.0,171.45,0.0
18220.0,297.78000000000003,0.5646085801702928
13246.0,1922.1,0.7507756778925614
14491.0,340.93,0.39811621981056866
15035.0,252.73000000000002,0.0
15782.0,2593.94,0.22669579061765568
17293.0,1875.1100000000001,0.8403225222002156
13732.0,491.86,0.0032324894719008655
16642.0,679.83,0.3982092611265348
13458.0,9537.92,0.9870455963582365
18008.0,2116.19,0.7451486207406269
17985.0,634.95,0.0013734805948047138
17138.0,380.5,0.0
12855.0,38.1,0.0
13983.0,2590.46,0.8735430204426946
16070.0,852.15,0.19488486525276755
12441.0,173.55,0.0
14889.0,135.9,0.0
16224.0,1295.3,0.6878472882773673
15644.0,813.0,0.5732473834219101
14431.0,397.76,0.3638501714868235
17685.0,3191.53,0.41102511454338214
15025.0,377.01,0.0
13149.0,1676.06,0.5002529398604879
13558.0,605.06,0.6000140639487972
15807.0,903.9,0.40059189188983885
15365.0,1330.45,0.8319927258378326
16243.0,409.1,0.34926448320338216
13904.0,332.64,0.4068021384855766
16318.0,328.15,0.0017960303372599644
16321.0,230.70000000000002,0.7415027256067382
15028.0,627.13,0.648291259131163
18079.0,3651.97,0.6094634733933652
13822.0,632.0,0.1972767688283378
15453.0,1388.37,0.7851257303122092
14085.0,4435.79,0.8894171583946526
16245.0,1352.3600000000001,0.5965520304372885
14013.0,473.02,0.5777633768061538
16885.0,471.51,0.6911947175653935
15582.0,682.9100000000001,0.40097770219337503
15673.0,2881.02,0.49336223459193546
16256.0,732.63,0.10349220283035007
12380.0,2720.56,0.7353287632096052
16029.0,50992.61,0.9905872551354621
17593.0,3911.56,0.5371902824857443
16442.0,616.79,0.4578450001192828
16624.0,810.5699999999999,0.1410017865171368
13113.0,10510.0,0.9160108383053108
16839.0,15357.78,0.9751342513020091
15717.0,150.3,0.006365456105233056
16790.0,1520.1200000000001,0.6932198683684176
12720.0,5713.28,0.9059602032092338
14109.0,80.2,0.628925756671643
18059.0,296.71,0.7632559925689857
14543.0,2916.17,0.9004177666992296
16426.0,1908.25,0.8647595557337725
12474.0,7116.47,0.9396412522064823
16457.0,208.36,0.0
17616.0,571.1999999999999,0.49183429969291526
18106.0,430.7,0.0
17786.0,278.74,0.34680175081835757
15780.0,475.28000000000003,0.5974340321591647
15044.0,7629.38,0.9443931927887504
14662.0,771.17,0.6256704469653513
14258.0,12650.08,0.8133102885898573
12457.0,1917.78,0.8993517210709782
18001.0,417.23,0.3022577967412186
13908.0,2347.05,0.527278254096784
14729.0,313.49,0.0
13437.0,3408.06,0.5324756613214087
15101.0,310.03,0.6292263756977525
16247.0,114.56,0.0012736010985238586
14311.0,229.71,0.3338432510628593
16054.0,783.9,0.004080730645024138
14595.0,1740.6,0.8272825044545763
14548.0,652.8,0.1491167966323903
17259.0,603.37,0.23186257574771585
14601.0,213.96,0.0
12620.0,1339.41,0.5046706466353335
16835.0,180.85,0.6099646518155725
13501.0,1310.47,0.09140062514234948
14891.0,554.38,0.18238114586738507
15994.0,427.07,0.006924751996128718
16360.0,3411.69,0.7094911275287553
17347.0,228.96,0.0
17388.0,1259.56,0.6743310776631972
13936.0,361.28,0.3856296808255528
18018.0,122.14,0.5783367707142012
14657.0,838.27,0.7970816471968714
16298.0,598.2,0.48239522389483824
12735.0,779.5699999999999,0.26369750779204887
18262.0,149.48,0.0012736010985238586
12414.0,562.41,0.5033968061908374
12757.0,4227.7,0.9126265707125877
14562.0,4709.22,0.9370751202609822
16520.0,1036.6200000000001,0.6224777360054263
15949.0,364.72,0.4543957311898491
13889.0,416.90000000000003,0.0016289791437980239
15342.0,391.76,0.40947564881814136
15405.0,349.1,0.0
16122.0,684.4200000000001,0.6175708207895906
17921.0,826.52,0.5386639031541871
13193.0,117.88,0.0
14300.0,43.2,0.0
18191.0,207.79999999999998,0.0
14693.0,172.9,0.0
12353.0,89.0,0.026953942653171012
15921.0,336.03000000000003,0.0
12590.0,9861.38,0.4334042376450584
17671.0,1284.08,0.8147277945932946
12949.0,4143.02,0.8156176351329871
17189.0,384.40000000000003,0.264000524708824
18143.0,1000.16,0.09305846582269207
14511.0,1267.4099999999999,0.7651969099967427
14276.0,1019.39,0.6353730854615108
13344.0,2543.72,0.23960880847096433
15074.0,748.87,0.00719244904365956
17120.0,307.46,0.004287640449438202
13004.0,5613.43,0.8939957448579362
14667.0,9231.2,0.9905442650570125
17418.0,463.46000000000004,0.30957917908320964
13739.0,216.9,0.0
16768.0,458.04,0.8525296635383346
16739.0,312.55,0.4194080408012825
12615.0,2291.19,0.5905173213807778
14140.0,920.05,0.40438065387336186
15516.0,62.43,0.6938267852443286
14290.0,2307.4500000000003,0.6281340104846932
13235.0,101.17000000000007,0.5359910041097665
18239.0,1561.6100000000001,0.5118051593923778
17483.0,414.04,0.5891997792713617
13273.0,138.98,0.0
13787.0,309.04,0.5002453575170428
13356.0,768.24,0.004331340831892127
14573.0,1603.72,0.8828658959794908
15840.0,345.66,0.5532444425017282
14224.0,1050.12,0.5957174745219198
13276.0,590.9300000000001,0.2414286244754214
13534.0,5613.08,0.9339035778418985
16816.0,417.06,0.6339130060751338
17828.0,1599.97,0.8860671356681332
15862.0,832.88,0.6000409495802386
16050.0,137.9,0.0
12667.0,620.13,0.004931543267313572
14145.0,3148.2,0.38085471252675984
12420.0,600.39,0.008034029389017788
18227.0,93.75,0.0
14518.0,174.37,0.0
14401.0,4039.98,0.8481583826902811
17862.0,330.9,0.0
16450.0,311.92,0.0
16847.0,193.44,0.0
13471.0,2531.58,0.3081183000331204
16903.0,373.24,0.0
17313.0,2288.13,0.2136315403109589
17769.0,3960.63,0.8203048217167742
13533.0,270.79,0.6065067762505535
18190.0,274.51,0.7466144109744648
13512.0,251.21,0.0
15424.0,383.34,0.1721913796126876
14847.0,309.4,0.0
15396.0,288.18,0.0
16034.0,437.7,0.6568167121778922
18149.0,612.0799999999999,0.4156887094684823
13607.0,678.01,0.0
13877.0,117.24,0.0
13833.0,384.8,0.0
18169.0,202.65,0.0
18104.0,754.64,0.01254336070398036
14745.0,1167.16,0.7262776907992413
15329.0,1005.5,0.6507542304393061
16037.0,855.02,0.3360869734639045
15933.0,1107.46,0.2774776096676139
14416.0,490.22,0.3087434688740661
13778.0,178.7,0.006365456105233056
15041.0,180.35,0.0
16311.0,616.26,0.1536694880899423
16105.0,336.96,0.0
15467.0,511.88,0.4784971278246015
13636.0,941.62,0.8374201903567482
15625.0,1504.56,0.7710505850300844
12940.0,876.29,0.49183068931836127
14407.0,2111.08,0.7416377326879214
15619.0,336.40000000000003,0.0
13225.0,6083.04,0.8460034556235375
15592.0,388.58,0.0
12769.0,1143.6,0.05452203591941516
18144.0,2888.75,0.9397776716350725
15497.0,1259.7,0.22717904709494885
13611.0,1158.2,0.43361307084613787
17164.0,2466.4,0.8674657854394715
17194.0,262.62,0.3917375354114752
14514.0,1055.35,0.43556820037421906
16992.0,1601.8600000000001,0.8091405218442447
14704.0,1546.91,0.8597319154997861
17887.0,111.35,0.0
15440.0,383.68,0.5370137298724901
18233.0,440.0,0.0
13629.0,7792.36,0.9185834284699308
15609.0,270.03000000000003,0.4106015553446273
17147.0,1679.64,0.7996444327954682
12559.0,536.21,0.44827820511105665
14051.0,15477.34,0.9716962464296995
13874.0,540.45,0.0
12660.0,245.1,0.0
17779.0,642.17,0.8248390241384713
14068.0,265.85,0.0
15442.0,594.0,0.002001258653241032
16803.0,332.3,0.0
13950.0,728.56,0.7806375946281326
14932.0,363.53,0.0091220044464157
17052.0,413.75,0.0074483035535033125
14522.0,974.54,0.5299366318952865
14154.0,1345.62,0.16131036599033638
14489.0,463.38,0.0
14582.0,114.11,0.0
13723.0,199.85000000000002,0.0
16734.0,650.51,0.358501655846652
15036.0,465.55,0.5871736130799631
12476.0,6546.58,0.9202238740369901
15482.0,6568.72,0.9701471167169485
14816.0,271.85,0.0
12374.0,742.9300000000001,0.006935901777369568
12906.0,2919.81,0.47139873621413053
14317.0,508.58000000000004,0.0
18113.0,76.32000000000001,0.0
16030.0,331.24,0.0
15308.0,302.27,0.42399119712243327
14867.0,701.33,0.5399706881519876
17353.0,1740.0,0.11059160955936045
13784.0,2462.79,0.9073818191120644
14862.0,841.1999999999999,0.13791205356603056
12583.0,7187.34,0.9494809703239789
15236.0,321.05,0.0
14339.0,289.90999999999997,0.7517449810719401
15965.0,845.64,0.5484957046672353
15988.0,158.03,0.0012736010985238586
15505.0,3497.14,0.38985268086431907
17117.0,116.19999999999999,0.0
14312.0,1611.59,0.8006435189212431
12371.0,1887.96,0.10088379923308187
17722.0,2380.64,0.7097884769430947
17444.0,2940.04,0.4430288621908444
13106.0,59.5,0.762303541954385
12766.0,6989.63,0.7371224712929458
16078.0,79.2,0.0
17162.0,1707.21,0.8288553270935392
16270.0,1141.24,0.03915660004173789
17169.0,816.88,0.5585893520593913
14603.0,660.0,0.0
17486.0,396.87,0.0
15349.0,473.81,0.30680149296498654
13242.0,270.40000000000003,0.7105130210421038
15109.0,463.75,0.3525509284025798
17088.0,1991.01,0.3046846031021516
14820.0,507.29,0.6039882542906974
16233.0,422.13,0.8024100008210587
14965.0,599.0,0.27849459941735344
15379.0,3631.8900000000003,0.8274012827046521
17960.0,73.78,0.0
15356.0,2766.5,0.9308749996266173
16668.0,306.71999999999997,0.9032651331048354
16625.0,333.08,0.0
17796.0,697.9,0.4494163879485823
13750.0,1647.26,0.6302170995251172
14482.0,2068.15,0.6899030186131305
14238.0,146.85,0.0
14163.0,2445.91,0.22137434578292928
17425.0,759.17,0.19434380384295083
14299.0,2855.35,0.9158413657685202
15706.0,1001.8100000000001,0.7355881012749598
14766.0,2423.07,0.9276853256066814
15670.0,173.05,0.0
15264.0,393.74,0.0
13564.0,647.74,0.8520140901874051
12713.0,848.55,0.028418062297775864
16641.0,231.10000000000002,0.0
13627.0,1624.02,0.8848145204059145
15793.0,948.96,0.5335362785690344
13973.0,264.7,0.0
14937.0,1617.63,0.49982133778282994
14440.0,2357.6800000000003,0.43499649336714247
14481.0,636.51,0.11457741090570199
14232.0,2043.93,0.8486095619176136
13869.0,3104.95,0.526579618955637
17604.0,309.36,0.422481830473413
15640.0,12433.34,0.8960066604266044
15805.0,5452.17,0.9320800639609389
16349.0,53.5,0.002259439707673569
15687.0,2981.5,0.9299457703236285
13082.0,3595.48,0.8296667645909281
18061.0,2119.41,0.6539635919669352
17742.0,355.11,0.3838598800048507
15370.0,2360.55,0.8170486143303306
16825.0,775.1800000000001,0.09814041320624295
15732.0,294.12,0.38314038827765934
14565.0,3073.77,0.7565525835982396
13171.0,426.81,0.8188890721143
13428.0,218.47,0.0
12577.0,595.4,0.6854745437138002
15511.0,909.23,0.6779535274757881
13011.0,50.550000000000004,0.0
13145.0,614.77,0.7073814278976813
15353.0,777.02,0.20033807459427994
15696.0,2644.46,0.8947428522895298
16239.0,372.9,0.550997668150619
17447.0,541.53,0.2514618277241864
15953.0,1634.53,0.7647027754294302
15030.0,518.28,0.18945984748210687
17350.0,1256.19,0.6095625032433525
13269.0,5315.92,0.9486035256557516
15193.0,499.32,0.0016289791437980239
14113.0,1377.92,0.8351821337615415
17763.0,15.0,0.04198365918995675
15691.0,136.8,0.0
14552.0,165.07,0.0
12523.0,1745.57,0.8758085561676324
12407.0,1708.1200000000001,0.7124303520680378
16134.0,603.69,0.43929510018558104
13239.0,329.56,0.00865260256546168
13642.0,354.8,0.006924751996128718
17967.0,123.07,0.0
17696.0,2201.05,0.8716342896367522
14184.0,452.89,0.0
13055.0,1201.96,0.505713594344729
15316.0,165.0,0.0
17492.0,374.57,0.0
14591.0,1447.14,0.5398651085549208
13838.0,691.73,0.5278157963504351
12643.0,3344.64,0.42640389048923744
15850.0,238.85,0.39202374813388635
12882.0,1463.04,0.23408132698435502
14778.0,730.86,0.196348551213768
17079.0,118.80000000000001,0.0
14844.0,3189.81,0.47528367333621213
15996.0,1044.78,0.6961559288665525
14741.0,1400.34,0.8187911631640686
14036.0,626.65,0.0
13563.0,777.53,0.17281722568152763
14020.0,642.8,0.16347187062805726
15992.0,41.989999999999995,0.0
17819.0,3661.0699999999997,0.8190402925609602
12531.0,125.22,0.017898518406185997
16613.0,618.59,0.0
14307.0,2995.72,0.7842418596680848
12826.0,1468.1200000000001,0.8225218983111248
16086.0,1119.31,0.7307797836993902
17470.0,1125.07,0.3744924346602815
14768.0,139.5,0.6527864818334028
15622.0,3224.53,0.8746144829838431
12613.0,3218.98,0.5459090862223115
12434.0,765.19,0.5601597251087895
15789.0,351.3,0.004974643722817212
15319.0,204.5,0.0012736010985238586
12764.0,1693.88,0.05064638113941288
14180.0,4640.77,0.8986907206998144
14234.0,775.46,0.5067599133315879
13186.0,1539.69,0.48721849483186974
16056.0,664.85,0.0
15832.0,836.79,0.01666847273098473
17204.0,1352.91,0.8867081769068408
14034.0,512.02,0.5462806320840493
16461.0,151.42,0.0
17880.0,458.92,0.0
15623.0,301.03,0.006864438139879117
17936.0,389.84,0.0
16418.0,675.27,0.38016762658227277
15787.0,948.05,0.4416220534584848
15249.0,6657.36,0.9814797750296045
17934.0,704.25,0.08780162893612578
13460.0,183.44,0.48846977472563163
15632.0,3147.31,0.9256127858815852
12838.0,683.13,0.13456093766404273
14053.0,260.25,0.3513591159707828
15205.0,648.8299999999999,0.4103080544790638
13657.0,382.14,0.27624397835922065
15142.0,498.74,0.0
17956.0,12.75,0.16511582645002407
17223.0,426.79,0.3479913289446603
15577.0,258.88,0.5114605573596728
13600.0,219.52,0.0
13742.0,3102.42,0.929374808083589
15912.0,264.62,0.4241017082734586
17262.0,1253.3600000000001,0.5795689582783021
14245.0,1677.48,0.47045135441808644
15752.0,2628.93,0.8327728947140857
17531.0,293.45,0.46527366846373647
17521.0,721.9599999999999,0.6000694204579812
13685.0,3119.44,0.6374409640024958
16023.0,719.81,0.3425639376917472
12506.0,73.5,0.026953942653171012
14544.0,2024.45,0.19832149896116325
14100.0,194.9,0.0
14389.0,999.72,0.6473078644798584
16172.0,1140.21,0.608437259452428
17728.0,2515.68,0.606376706268455
12412.0,1226.88,0.5490370678714881
13815.0,4014.91,0.6209451080857462
13978.0,196.79000000000002,0.40922406577576126
12704.0,2220.84,0.8598492409726051
17564.0,454.01,0.6845684989199807
16022.0,628.28,0.0
12885.0,1158.27,0.6358443862767797
13373.0,3312.25,0.27758904356021874
16202.0,365.27,0.0
17759.0,834.99,0.45553507740538846
17371.0,423.89,0.6341314594996288
17230.0,3466.67,0.8585720340449399
14078.0,1049.37,0.7003232505095136
17684.0,239.41,0.0
17303.0,250.04,0.0
16221.0,864.86,0.459716727371269
15452.0,538.73,0.3231462668205869
17774.0,1215.46,0.6115317573221082
16774.0,654.92,0.7948104817533853
18180.0,1843.75,0.7180702572905416
18170.0,980.31,0.4107118082814755
17357.0,388.14,0.32127110234990097
15221.0,114.1,0.6192268223958138
18203.0,160.42000000000002,0.0
14893.0,1237.8500000000001,0.1771787433751102
13871.0,6389.8,0.9653607304272189
12553.0,3652.25,0.8986052124945526
17930.0,1740.48,0.4261586836352642
16513.0,874.59,0.49183068931836127
15853.0,110.8,0.0
13988.0,4098.8,0.8311281043818695
14282.0,3729.34,0.925959475934184
17505.0,1145.84,0.12571752599870178
13208.0,1205.9,0.7731127721696656
17029.0,716.0,0.1258852871904609
15443.0,3212.16,0.7320881637844936
17092.0,1777.78,0.560078505055067
13382.0,222.99,0.0
14908.0,277.8,0.0
14551.0,186.23,0.5374931198027341
14480.0,279.05,0.0
17977.0,288.14,0.0
16600.0,813.52,0.8254326502860531
13435.0,3794.4900000000002,0.8459151096668233
17367.0,168.4,0.0
12719.0,608.1,0.6134796508815469
17694.0,283.12,0.0
15620.0,1524.4,0.762880610977909
12685.0,2863.08,0.7483774647076905
15621.0,1158.77,0.648772825684474
14233.0,1447.51,0.6229906261589828
18092.0,9065.76,0.9573908793568451
13748.0,948.25,0.6929243938032337
15199.0,1268.7,0.5077109264519936
13468.0,5656.75,0.936323974649815
14883.0,756.64,0.9264694701098303
12853.0,1881.7,0.854979567753799
14049.0,5639.15,0.6254028736117426
17360.0,585.79,0.40271278209327976
13583.0,781.03,0.02037748084565088
14044.0,652.82,0.5245370114573386
15160.0,158.16,0.0
12971.0,10930.26,0.9682267137775612
13684.0,64.23,0.685531290429511
16618.0,2630.64,0.7944049640742888
17400.0,2129.96,0.6658124899854557
16735.0,2269.21,0.7391482089859102
18123.0,589.4399999999999,0.20436310957731404
16214.0,1062.75,0.4040976694318023
15811.0,2171.32,0.8545326795345161
15012.0,423.04,0.2397354820393618
17506.0,294.29,0.4720144775824863
16189.0,215.48,0.30515319358463605
12500.0,4206.27,0.9521673079675051
16850.0,332.41,0.0
13232.0,1357.6,0.7995784389350455
15214.0,1661.44,0.8858933903917814
13487.0,575.4,0.437685407850994
16368.0,497.43,0.30227299088191917
14105.0,1260.33,0.16666961219631357
17764.0,818.8199999999999,0.19932564037957504
14796.0,7839.51,0.9846854655057572
16997.0,702.0,0.33466050894575133
15888.0,141.27,0.6615372786739591
17063.0,1421.59,0.8621435168150423
16511.0,950.26,0.3792695305070901
14594.0,379.83,0.3874448211417145
14998.0,429.87,0.3075365642061636
12811.0,514.85,0.4799162655008486
13882.0,1131.28,0.6874340093383415
15426.0,1429.9,0.7721140586354222
16969.0,650.41,0.44516320915296353
13448.0,3465.67,0.8708728476274262
15492.0,659.4599999999999,0.08856657935027623
16804.0,536.99,0.439174141637567
17227.0,939.32,0.8366706285614659
12818.0,1517.88,0.12506005824631797
12557.0,11990.960000000001,0.741457135230367
14226.0,2201.64,0.8367652618982904
15054.0,302.1,0.36840718333886036
13026.0,936.15,0.6963113785478781
14970.0,1592.06,0.5023917022766835
14259.0,120.0,0.0
17571.0,1498.51,0.44748316602333554
13028.0,659.68,0.4379527988987808
15923.0,127.08,0.0
14714.0,160.19,0.0041195521421301005
15533.0,746.92,0.7988564839121487
13194.0,60.7,0.0
18226.0,5192.1,0.927643167011129
15729.0,62.0,0.7123205291781377
14237.0,161.0,0.0
13093.0,7741.47,0.9622375040258898
15663.0,138.14,0.0
14898.0,1228.32,0.6472966803734714
15809.0,399.21,0.8851236632727557
12684.0,2283.63,0.8523646863060353
13343.0,303.93,0.45523465110992317
16174.0,1009.5500000000001,0.4425192499346475
14016.0,4328.46,0.6835713705264513
14248.0,302.58,0.004287640449438202
15098.0,649.5,0.7082618007260605
13751.0,296.25,0.0
16807.0,1121.59,0.31108837082068097
15665.0,2242.01,0.20806247138922934
15690.0,239.76,0.3600702867868688
13940.0,839.14,0.546843474963378
14824.0,1127.71,0.6031278355644031
16398.0,1631.15,0.37819480910117503
13883.0,2538.75,0.9249206952783637
13226.0,108.21000000000001,0.0
16792.0,110.38000000000001,0.6262449989285449
14705.0,179.0,0.0
14606.0,11713.85,0.9541825076707101
13395.0,307.72,0.0
15089.0,2420.84,0.8117636606582621
14047.0,1290.01,0.665760203560313
13584.0,142.4,0.0
12588.0,214.89999999999998,0.004668624161073826
18116.0,1418.03,0.7718136706474534
17297.0,131.78,0.0
18167.0,1355.51,0.6654595143102491
14692.0,582.05,0.857231798308781
13233.0,605.12,0.18578807167651384
13115.0,2205.63,0.8715966147980949
18035.0,730.4,0.46342268733048947
17860.0,252.8,0.0
18016.0,1483.56,0.6009528964316553
15796.0,2666.61,0.8387353148890107
16315.0,226.37,0.0
17737.0,168.24,0.5127985136122161
16583.0,233.45,0.0
14354.0,163.62,0.34360031664217144
15290.0,7803.7699999999995,0.9687648410276204
14019.0,1398.96,0.48071483526039027
15121.0,457.72,0.25449170143408684
14484.0,321.92,0.0
17978.0,300.91999999999996,0.002001258653241032
15507.0,492.36,0.0
14896.0,468.77000000000004,0.33741315579985204
15299.0,3787.09,0.8513297657888714
15005.0,6180.49,0.9694956838265444
16666.0,118.98,0.0041195521421301005
18193.0,212.96,0.7418849578620309
14158.0,507.66,0.007609425027128708
14651.0,654.6,0.14598381990307752
13388.0,627.15,0.38779039723560627
15506.0,979.26,0.40611690663430133
13650.0,1809.34,0.7246237955906248
12912.0,1662.3,0.5341338823105908
13956.0,1026.42,0.6369498861169658
17920.0,4204.1,0.9396904374120671
13485.0,454.24,0.0
12527.0,348.71000000000004,0.6317492792725676
15408.0,267.18,0.0
16352.0,494.44,0.3160551440069688
13837.0,271.24,0.44693164685106773
14352.0,1078.96,0.6117577522600925
15664.0,358.63,0.39520332833952954
18205.0,517.36,0.2497327912725673
13049.0,656.6800000000001,0.1277868096586881
17566.0,901.21,0.12752948073348522
17242.0,1135.04,0.16198797413997745
13801.0,324.8,0.0
16474.0,1811.47,0.7880079112870049
16036.0,758.92,0.12464573805918051
14353.0,90.6,0.0
14512.0,275.28,0.40166917880387515
12548.0,95.19999999999999,0.0016289791437980239
16869.0,805.62,0.8555331166000785
13008.0,178.46999999999997,0.5528567504648593
15636.0,724.76,0.21614603528865245
15967.0,418.83,0.29001484991302573
14699.0,109.13000000000001,0.0
18235.0,1796.48,0.20564502179026217
14165.0,122.53999999999999,0.0
14868.0,2939.64,0.9423304146987368
13670.0,349.7,0.0
13706.0,330.79,0.003045143638850889
15493.0,1967.25,0.7476613492335072
14727.0,268.58,0.0
17154.0,329.34,0.002001258653241032
14870.0,327.25,0.0
15676.0,3324.09,0.6276413301361016
14030.0,2360.09,0.9005000449995144
13429.0,1006.8,0.556110707433778
16422.0,33805.69,0.9905872551354621
12909.0,2128.83,0.7831268442525976
14409.0,1908.25,0.7391018770754144
14264.0,319.47,0.5273426900605698
18120.0,111.15,0.0
17772.0,182.77,0.6064518680639472
